,Symbol,Return,Market Return,Risk-Free Return,Excess Return
0,BY,0.0044464206313917,0.0071398021613031,0.000283797369827,-0.0026933815299114003
1,PROV,0.0033112582781457,0.0062694996009617,0.0005676752806016,-0.002958241322816
2,CRNC,-0.1664999999999999,0.0175617180199789,0.0005671546936785,-0.18406171801997878
3,GWW,-0.0331091283941029,-0.0007484474471717,0.000283797369827,-0.032360680946931196
4,FISI,0.0159774428582028,0.0071398021613031,0.000283797369827,0.008837640696899698
5,AZPN,-0.0245238567552472,0.0175617180199789,0.0005671546936785,-0.042085574775226106
6,SIGI,0.0189048961083193,0.0097710524994835,0.0004258563844767,0.009133843608835799
7,CHKP,0.0218283267071829,0.0175617180199789,0.0005671546936785,0.004266608687204
8,MTH,-0.006056219146343,0.0097710524994835,0.0004258563844767,-0.0158272716458265
9,POWL,0.0369527127052451,0.0237533152775709,0.0002840575895406,0.013199397427674196
10,KLIC,0.0468337950747581,0.0097710524994835,0.0004258563844767,0.037062742575274595
11,HRB,-0.0012769099264987,0.0175617180199789,0.0005671546936785,-0.0188386279464776
12,BMY,0.0112912956536911,-0.0007484474471717,0.000283797369827,0.0120397431008628
13,SYY,0.0839431311412298,0.0062694996009617,0.0005676752806016,0.0776736315402681
14,RES,0.040983606557377,0.0058603282705168,0.0004258563844767,0.035123278286860196
15,HP,0.0432985131438782,0.0062694996009617,0.0005676752806016,0.037029013542916496
16,CNC,0.0440124476846226,0.0175617180199789,0.0005671546936785,0.0264507296646437
17,VRTX,-0.0135932681948774,0.0117145856066897,0.000425335871341,-0.0253078538015671
18,TLSNF,0.0,0.0071398021613031,0.000283797369827,-0.0071398021613031
19,HUSQF,0.0,-0.0007484474471717,0.000283797369827,0.0007484474471716999
20,CSL,0.1003687133486411,0.0175617180199789,0.0005671546936785,0.0828069953286622
21,BV,-0.0339366515837104,0.0097710524994835,0.0004258563844767,-0.0437077040831939
22,ING,-0.0239520958083832,0.0097710524994835,0.0004258563844767,-0.0337231483078667
23,WU,0.0056451612903226,0.0175617180199789,0.0005671546936785,-0.0119165567296563
24,CNA,-0.0243428920440712,0.0117145856066897,0.000425335871341,-0.0360574776507609
25,GSK,0.0324544125875866,0.0237533152775709,0.0002840575895406,0.008701097310015699
26,UMC,-0.0116731517509727,0.0237533152775709,0.0002840575895406,-0.0354264670285436
27,DT,-0.0715177278401997,-0.0085086288738954,0.000425335871341,-0.0630090989663043
28,OCSL,0.0066598360655737,0.0097710524994835,0.0004258563844767,-0.0031112164339098013
29,PCRFY,-0.0155440414507772,-0.0007484474471717,0.000283797369827,-0.0147955940036055
30,SSNLF,0.0,0.0237533152775709,0.0002840575895406,-0.0237533152775709
31,TATLY,0.0,0.0058603282705168,0.0004258563844767,-0.0058603282705168
32,PPBI,-0.1026371740070269,-0.0042135221901372,0.0004255961278751,-0.09842365181688971
33,DD,0.1057017007956494,0.0175617180199789,0.0005671546936785,0.0881399827756705
34,TER,-0.0022775961187533,0.0237533152775709,0.0002840575895406,-0.0260309113963242
35,MCHP,-0.0280210384583528,0.0097710524994835,0.0004258563844767,-0.0377920909578363
36,META,0.1518314052176692,0.0097710524994835,0.0004258563844767,0.14206035271818568
37,PSX,0.0080382718874404,0.0237533152775709,0.0002840575895406,-0.0157150433901305
38,CBAN,-0.0129770992366412,0.0058603282705168,0.0004258563844767,-0.018837427507158
39,ASH,-0.0220038980344831,0.0237533152775709,0.0002840575895406,-0.045757213312054
40,REGN,-0.0077974513368693,-0.0007484474471717,0.000283797369827,-0.0070490038896976
41,AMSC,0.0143396226415093,0.0058603282705168,0.0004258563844767,0.008479294370992502
42,HOG,0.0538527928960183,-0.0085086288738954,0.000425335871341,0.0623614217699137
43,NRDBY,-0.0103448275862068,0.0117145856066897,0.000425335871341,-0.022059413192896497
44,QCOM,-0.0459227878904716,0.0237533152775709,0.0002840575895406,-0.0696761031680425
45,UVSP,0.0347091463414634,0.0058603282705168,0.0004258563844767,0.0288488180709466
46,SARTF,0.0,0.0071398021613031,0.000283797369827,-0.0071398021613031
47,ADDYY,-0.0089173206042802,-0.0007484474471717,0.000283797369827,-0.0081688731571085
48,LITE,0.0439837894918018,-0.0085086288738954,0.000425335871341,0.05249241836569721
49,KMPR,-0.0475640139977541,0.0097710524994835,0.0004258563844767,-0.0573350664972376
50,GLAD,-0.029126213592233,0.0175617180199789,0.0005671546936785,-0.0466879316122119
51,NEP,0.0079840322017308,0.0062694996009617,0.0005676752806016,0.0017145326007691006
52,CAH,-0.0098001714519538,0.0097710524994835,0.0004258563844767,-0.019571223951437303
53,NBN,-0.0379354718973017,0.0237533152775709,0.0002840575895406,-0.0616887871748726
54,MSTR,0.3174072545771637,0.0175617180199789,0.0005671546936785,0.29984553655718477
55,TBBK,0.0765177513623022,0.0071398021613031,0.000283797369827,0.06937794920099909
56,GPI,0.0292240485212954,0.0237533152775709,0.0002840575895406,0.005470733243724501
57,LPTV,-0.0356612184249628,0.0175617180199789,0.0005671546936785,-0.0532229364449417
58,CMPR,-0.0812848583118634,0.0097710524994835,0.0004258563844767,-0.0910559108113469
59,TSCO,-0.0047254194480736,0.0097710524994835,0.0004258563844767,-0.0144964719475571
60,BSAC,-0.0165865159664784,0.0112679284036446,0.0002835371501814,-0.027854444370123
61,IDWM,-0.1568627450980392,0.0175617180199789,0.0005671546936785,-0.1744244631180181
62,LOTBY,0.0,0.0117145856066897,0.000425335871341,-0.0117145856066897
63,MRCY,-0.0326841190926339,0.0175617180199789,0.0005671546936785,-0.050245837112612796
64,SPHR,0.0436232218726398,0.0117145856066897,0.000425335871341,0.0319086362659501
65,PNM,0.0647668356495776,0.0175617180199789,0.0005671546936785,0.04720511762959869
66,JHG,0.010655977001133,0.0097710524994835,0.0004258563844767,0.0008849245016495002
67,ACM,0.0089014197183099,0.0175617180199789,0.0005671546936785,-0.008660298301669
68,PINC,0.0138424337068049,0.0175617180199789,0.0005671546936785,-0.0037192843131740004
69,SKY,0.1424348286093668,0.0175617180199789,0.0005671546936785,0.12487311058938791
70,HTLF,-0.0977326061436696,-0.0042135221901372,0.0004255961278751,-0.09351908395353241
71,HOPE,-0.0870292887029288,0.0062694996009617,0.0005676752806016,-0.09329878830389049
72,NXPI,0.0566916965579278,0.0175617180199789,0.0005671546936785,0.0391299785379489
73,J,0.0621898102189781,0.0175617180199789,0.0005671546936785,0.0446280921989992
74,AIT,0.0320204539306396,0.0058603282705168,0.0004258563844767,0.026160125660122796
75,RLLMF,0.0,0.0097710524994835,0.0004258563844767,-0.0097710524994835
76,ALGT,0.0662107268457108,0.0117145856066897,0.000425335871341,0.054496141239021106
77,EPD,-0.0212686201965902,0.0097710524994835,0.0004258563844767,-0.031039672696073703
78,GHM,0.0446266869137835,0.0117145856066897,0.000425335871341,0.0329121013070938
79,MSCI,0.076431591038789,0.0062694996009617,0.0005676752806016,0.07016209143782731
80,AVB,-0.0303115025645187,0.0097710524994835,0.0004258563844767,-0.0400825550640022
81,DSDVF,-0.0663133365882374,0.0097710524994835,0.0004258563844767,-0.0760843890877209
82,FI,0.0005549913515779,0.0175617180199789,0.0005671546936785,-0.017006726668401
83,AMZN,0.0619663175663379,0.0097710524994835,0.0004258563844767,0.052195265066854395
84,GVDBF,0.0,0.0058603282705168,0.0004258563844767,-0.0058603282705168
85,CHTR,-0.0906299702881167,-0.0007484474471717,0.000283797369827,-0.089881522840945
86,ON,0.0402114081820547,0.0117145856066897,0.000425335871341,0.028496822575365004
87,K,-0.0132872226663126,-0.0085086288738954,0.000425335871341,-0.004778593792417201
88,F,0.0940465918895599,0.0175617180199789,0.0005671546936785,0.076484873869581
89,ITW,0.0005478340769183,0.0097710524994835,0.0004258563844767,-0.009223218422565202
90,CLX,0.045460762754832,0.0097710524994835,0.0004258563844767,0.03568971025534849
91,FFBC,0.0227470681213006,0.0071398021613031,0.000283797369827,0.0156072659599975
92,PBI,-0.0530120481927711,0.0097710524994835,0.0004258563844767,-0.0627831006922546
93,BWAGF,0.0,0.0097710524994835,0.0004258563844767,-0.0097710524994835
94,INGR,-0.0219729820769683,0.0175617180199789,0.0005671546936785,-0.0395347000969472
95,RNR,-0.0112747540857863,0.0237533152775709,0.0002840575895406,-0.0350280693633572
96,ARAY,-0.0540540540540539,0.0237533152775709,0.0002840575895406,-0.0778073693316248
97,AMD,-0.0009559579266046,0.0062694996009617,0.0005676752806016,-0.0072254575275663
98,EW,-0.0122007439507492,0.0175617180199789,0.0005671546936785,-0.0297624619707281
99,BSIG,-0.0672727272727272,0.0097710524994835,0.0004258563844767,-0.0770437797722107
100,GTIM,0.0,0.0237533152775709,0.0002840575895406,-0.0237533152775709
101,ST,-0.087762959240392,0.0175617180199789,0.0005671546936785,-0.1053246772603709
102,KKR,0.097003982939649,0.0175617180199789,0.0005671546936785,0.0794422649196701
103,RAIFF,0.0,0.0097710524994835,0.0004258563844767,-0.0097710524994835
104,ATKR,-0.0322559091068464,0.0097710524994835,0.0004258563844767,-0.042026961606329905
105,LSTR,0.0140307160366136,0.0097710524994835,0.0004258563844767,0.004259663537130099
106,OSIS,-0.0270853413727608,0.0058603282705168,0.0004258563844767,-0.0329456696432776
107,SYM,-0.133266053760728,0.0117145856066897,0.000425335871341,-0.1449806393674177
108,ALV,0.0169857829764599,0.0071398021613031,0.000283797369827,0.0098459808151568
109,GNGBF,0.0,0.0097710524994835,0.0004258563844767,-0.0097710524994835
110,TEVA,0.0148760330578512,0.0237533152775709,0.0002840575895406,-0.0088772822197197
111,PH,0.0227318068677728,0.0097710524994835,0.0004258563844767,0.012960754368289298
112,BAH,-0.0116136899981661,0.0071398021613031,0.000283797369827,-0.0187534921594692
113,MATW,-0.0531118262263985,-0.0007484474471717,0.000283797369827,-0.052363378779226796
114,MTSI,-0.0490243092691062,0.0097710524994835,0.0004258563844767,-0.0587953617685897
115,VLVOF,-0.018018018018018,0.0097710524994835,0.0004258563844767,-0.0277890705175015
116,GEN,-0.1392140468227425,0.0097710524994835,0.0004258563844767,-0.148985099322226
117,SHW,0.0122404690567539,0.0058603282705168,0.0004258563844767,0.006380140786237102
118,HNSBF,0.0,-0.0007484474471717,0.000283797369827,0.0007484474471716999
119,BAX,-0.0207612461878707,-0.0085086288738954,0.000425335871341,-0.012252617313975301
120,CLS,0.1081413550888281,0.0062694996009617,0.0005676752806016,0.10187185548786641
121,FLIC,-0.0356037151702785,0.0071398021613031,0.000283797369827,-0.0427435173315816
122,IVAC,-0.0024937655860348,0.0117145856066897,0.000425335871341,-0.0142083511927245
123,BMI,0.0147457393129097,0.0071398021613031,0.000283797369827,0.0076059371516066015
124,HA,-0.0482336956521739,0.0062694996009617,0.0005676752806016,-0.0545031952531356
125,LYB,0.0173379278770414,-0.0007484474471717,0.000283797369827,0.0180863753242131
126,BDN,-0.0522727272727273,0.0097710524994835,0.0004258563844767,-0.0620437797722108
127,HBNC,0.0087719298245614,0.0058603282705168,0.0004258563844767,0.0029116015540446008
128,TWO,-0.0791208791208791,0.0062694996009617,0.0005676752806016,-0.0853903787218408
129,EBC,0.0610632183908045,0.0071398021613031,0.000283797369827,0.053923416229501406
130,SSB,0.0237925536058515,0.0071398021613031,0.000283797369827,0.0166527514445484
131,VRTS,-0.0042427743396445,-0.0007484474471717,0.000283797369827,-0.003494326892472801
132,BOOT,0.1465012864929268,0.0237533152775709,0.0002840575895406,0.12274797121535591
133,FBMS,-0.0436254230913877,-0.0170781529258039,0.0002835371501814,-0.0265472701655838
134,LESL,0.1156661786237188,0.0097710524994835,0.0004258563844767,0.1058951261242353
135,WWD,-0.0452634946380079,0.0062694996009617,0.0005676752806016,-0.0515329942389696
136,NXT,0.2809808261541858,0.0237533152775709,0.0002840575895406,0.2572275108766149
137,BBU,-0.0039028622681206,-0.0007484474471717,0.000283797369827,-0.0031544148209489
138,WNC,-0.005613735240035,0.0097710524994835,0.0004258563844767,-0.0153847877395185
139,AMCR,-0.0130151843817788,0.0175617180199789,0.0005671546936785,-0.0305769024017577
140,SXC,0.0317460317460317,0.0097710524994835,0.0004258563844767,0.021974979246548197
141,HLI,0.0190382322416032,0.0097710524994835,0.0004258563844767,0.009267179742119701
142,PFS,0.0061937499999998,0.0071398021613031,0.000283797369827,-0.0009460521613032999
143,CPT,-0.0129439784612198,-0.0007484474471717,0.000283797369827,-0.0121955310140481
144,RHHBY,-0.0305944055944055,0.0097710524994835,0.0004258563844767,-0.040365458093889
145,CP,0.0508645569532542,0.0062694996009617,0.0005676752806016,0.0445950573522925
146,SMCI,0.1771944735337459,-0.0042135221901372,0.0004255961278751,0.1814079957238831
147,CAIXY,0.0167647058823528,-0.0007484474471717,0.000283797369827,0.017513153329524498
148,COF,0.0457185806325482,0.0058603282705168,0.0004258563844767,0.0398582523620314
149,ISNPY,-0.026838434076137,0.0175617180199789,0.0005671546936785,-0.044400152096115905
150,SBCF,0.0068807339449541,0.0071398021613031,0.000283797369827,-0.0002590682163489998
151,RGA,-0.0002394217054355,-0.0007484474471717,0.000283797369827,0.0005090257417361999
152,ASX,0.0033149171270717,0.0097710524994835,0.0004258563844767,-0.006456135372411801
153,PIPR,-0.0515307310633972,-0.0007484474471717,0.000283797369827,-0.0507822836162255
154,ARCB,0.1229014612297163,0.0175617180199789,0.0005671546936785,0.10533974320973741
155,PHM,-0.000848548007704,0.0062694996009617,0.0005676752806016,-0.0071180476086657
156,RGS,0.0860121633362293,0.0237533152775709,0.0002840575895406,0.062258848058658396
157,BXP,-0.0422556541353383,0.0237533152775709,0.0002840575895406,-0.06600896941290921
158,PMT,-0.0477839335180055,0.0097710524994835,0.0004258563844767,-0.057554986017489006
159,AAPL,0.0130579149467091,0.0097710524994835,0.0004258563844767,0.0032868624472256
160,HIG,-0.006864515057573,-0.0007484474471717,0.000283797369827,-0.0061160676104013
161,AVD,0.0238095238095237,0.0237533152775709,0.0002840575895406,5.620853195279982e-05
162,TPR,-0.006978436521124,-0.0085086288738954,0.000425335871341,0.0015301923527713994
163,MIXT,0.0139335476956056,0.0097710524994835,0.0004258563844767,0.0041624951961221
164,MOFG,0.0011410802152499,0.0071398021613031,0.000283797369827,-0.0059987219460532
165,BC,-0.0053260387105228,0.0097710524994835,0.0004258563844767,-0.0150970912100063
166,APTV,0.0266813961224297,0.0237533152775709,0.0002840575895406,0.0029280808448588005
167,ONEW,-0.0104701698256299,0.0097710524994835,0.0004258563844767,-0.020241222325113398
168,MBUU,-0.0924945736330505,0.0062694996009617,0.0005676752806016,-0.09876407323401219
169,WSFS,0.0158798719261748,0.0071398021613031,0.000283797369827,0.0087400697648717
170,ASB,-0.0009139854165441,0.0058603282705168,0.0004258563844767,-0.0067743136870609
171,BHLB,0.0220317829457363,0.0058603282705168,0.0004258563844767,0.016171454675219504
172,MSFT,0.0036610367966878,0.0062694996009617,0.0005676752806016,-0.0026084628042739
173,SBUX,-0.008635447485007,0.0062694996009617,0.0005676752806016,-0.0149049470859687
174,LUMN,0.1782945736434108,0.0175617180199789,0.0005671546936785,0.16073285562343193
175,SNAP,-0.3367164179104478,0.0175617180199789,0.0005671546936785,-0.35427813593042673
176,DECK,0.0679303896361898,0.0097710524994835,0.0004258563844767,0.0581593371367063
177,APAM,0.021956991792029,0.0237533152775709,0.0002840575895406,-0.0017963234855419008
178,HUBB,0.0645597820817883,0.0062694996009617,0.0005676752806016,0.05829028248082659
179,RSGUF,0.0,-0.0085086288738954,0.000425335871341,0.0085086288738954
180,RMLRF,0.0,0.0062694996009617,0.0005676752806016,-0.0062694996009617
181,SEIC,0.0539215669221516,0.0237533152775709,0.0002840575895406,0.0301682516445807
182,FBIN,-0.0329752693723523,0.0062694996009617,0.0005676752806016,-0.039244768973314005
183,FRBA,0.0193771626297578,0.0058603282705168,0.0004258563844767,0.013516834359241003
184,UNP,0.0212360386279245,0.0058603282705168,0.0004258563844767,0.015375710357407701
185,NKRKF,0.0,0.0175617180199789,0.0005671546936785,-0.0175617180199789
186,SEMHF,-0.0280068895531462,0.0097710524994835,0.0004258563844767,-0.0377779420526297
187,SNY,-0.0278867795909935,0.0097710524994835,0.0004258563844767,-0.037657832090477
188,CVCO,0.028683945034856,-0.0007484474471717,0.000283797369827,0.029432392482027697
189,NVNXF,-0.0526315789473684,0.0062694996009617,0.0005676752806016,-0.0589010785483301
190,SLGN,-0.0150195693299862,0.0237533152775709,0.0002840575895406,-0.038772884607557095
191,MTX,0.0159217647666049,-0.0007484474471717,0.000283797369827,0.016670212213776597
192,LPLA,0.0043250144295305,0.0097710524994835,0.0004258563844767,-0.005446038069953001
193,GILD,-0.0396297880280247,0.0175617180199789,0.0005671546936785,-0.0571915060480036
194,ELMUF,-0.2650119893512891,0.0071398021613031,0.000283797369827,-0.27215179151259217
195,KEX,0.0234223295285841,0.0097710524994835,0.0004258563844767,0.013651277029100599
196,PFBC,0.0262463539439979,0.0058603282705168,0.0004258563844767,0.020386025673481103
197,INTC,-0.133804261025313,0.0058603282705168,0.0004258563844767,-0.1396645892958298
198,OTEX,-0.0625991834883194,0.0097710524994835,0.0004258563844767,-0.0723702359878029
199,IBCP,0.044891640866873,0.0071398021613031,0.000283797369827,0.037751838705569904
200,SPG,0.0534396766874605,0.0117145856066897,0.000425335871341,0.0417250910807708
201,EA,-0.0139991555202894,0.0062694996009617,0.0005676752806016,-0.0202686551212511
202,CMG,0.0677904338007315,0.0175617180199789,0.0005671546936785,0.0502287157807526
203,DEO,0.0316218646105214,0.0062694996009617,0.0005676752806016,0.025352365009559695
204,HFWA,-0.0145772108843537,0.0058603282705168,0.0004258563844767,-0.0204375391548705
205,CL,0.016902100280041,0.0071398021613031,0.000283797369827,0.0097622981187379
206,CBOE,-0.0129663804188992,-0.0007484474471717,0.000283797369827,-0.0122179329717275
207,MO,-0.0268457088483771,0.0097710524994835,0.0004258563844767,-0.0366167613478606
208,APPF,0.2929235034716278,0.0058603282705168,0.0004258563844767,0.287063175201111
209,NEU,-0.0266664704726305,0.0097710524994835,0.0004258563844767,-0.036437522972114
210,PNR,0.0077805075680996,0.0062694996009617,0.0005676752806016,0.0015110079671379001
211,SGSOF,0.0763839510572581,0.0071398021613031,0.000283797369827,0.069244148895955
212,FTV,0.0619083781018162,0.0237533152775709,0.0002840575895406,0.0381550628242453
213,VRNS,0.113087349295403,0.0117145856066897,0.000425335871341,0.1013727636887133
214,GIB,0.0366660525845109,0.0237533152775709,0.0002840575895406,0.012912737306940002
215,ESALF,-0.0622670672600948,0.0175617180199789,0.0005671546936785,-0.0798287852800737
216,CR,0.1087932390740846,0.0062694996009617,0.0005676752806016,0.1025237394731229
217,CYBR,0.0087920028564524,-0.0085086288738954,0.000425335871341,0.0173006317303478
218,FRME,0.0045884715970309,0.0071398021613031,0.000283797369827,-0.0025513305642722002
219,TAK,-0.0084033613445377,-0.0007484474471717,0.000283797369827,-0.007654913897366
220,FRSH,0.0023083564173591,0.0175617180199789,0.0005671546936785,-0.015253361602619801
221,EVR,0.0296978170313356,0.0237533152775709,0.0002840575895406,0.005944501753764698
222,BBVA,0.0903954802259887,0.0062694996009617,0.0005676752806016,0.084125980625027
223,LC,0.0044444444444443,0.0062694996009617,0.0005676752806016,-0.0018250551565174005
224,LUV,-0.0065810466133941,0.0058603282705168,0.0004258563844767,-0.012441374883910901
225,ALPMF,-0.0135135135135135,0.0117145856066897,0.000425335871341,-0.0252280991202032
226,TLTZF,-0.0138089758342922,0.0062694996009617,0.0005676752806016,-0.0200784754352539
227,CPAMF,-0.0266666666666666,0.0175617180199789,0.0005671546936785,-0.0442283846866455
228,EXTR,-0.0680977054034048,0.0237533152775709,0.0002840575895406,-0.0918510206809757
229,CRUS,0.1823148161899989,0.0175617180199789,0.0005671546936785,0.16475309817002
230,GOOG,-0.0729785797721152,0.0062694996009617,0.0005676752806016,-0.0792480793730769
231,CCI,-0.0255391666011942,0.0058603282705168,0.0004258563844767,-0.031399494871711
232,KKOYF,0.0,0.0062694996009617,0.0005676752806016,-0.0062694996009617
233,AON,0.0288303460088307,-0.0007484474471717,0.000283797369827,0.029578793456002398
234,CMS,-0.0402787049626104,0.0097710524994835,0.0004258563844767,-0.050049757462093905
235,AAFRF,-0.0072656643406949,0.0097710524994835,0.0004258563844767,-0.0170367168401784
236,INNV,0.0,0.0175617180199789,0.0005671546936785,-0.0175617180199789
237,UNM,-0.0206868018204385,0.0237533152775709,0.0002840575895406,-0.0444401170980094
238,APD,0.0086689292969648,0.0117145856066897,0.000425335871341,-0.0030456563097248993
239,CIAFF,0.0036231884057971,0.0237533152775709,0.0002840575895406,-0.0201301268717738
240,AMGN,-0.0958163987457949,0.0175617180199789,0.0005671546936785,-0.1133781167657738
241,TT,-0.0018836485884482,0.0097710524994835,0.0004258563844767,-0.0116547010879317
242,AMAL,0.0283265001863586,-0.0007734524976244,0.0001417585273506,0.029099952683983
243,HXGBF,0.0,0.0097710524994835,0.0004258563844767,-0.0097710524994835
244,DOX,-0.0272027211618962,0.0175617180199789,0.0005671546936785,-0.0447644391818751
245,NAVI,-0.0603948350984225,0.0237533152775709,0.0002840575895406,-0.08414815037599341
246,KE,-0.0940825457641549,0.0175617180199789,0.0005671546936785,-0.11164426378413381
247,OMVJF,0.0268071571758535,0.0097710524994835,0.0004258563844767,0.017036104676369998
248,IP,-0.0355064599677978,0.0097710524994835,0.0004258563844767,-0.0452775124672813
249,TMOAF,0.0,-0.0007484474471717,0.000283797369827,0.0007484474471716999
250,HON,-0.0186001674380434,0.0097710524994835,0.0004258563844767,-0.0283712199375269
251,OTIS,0.0286069532201049,0.0237533152775709,0.0002840575895406,0.004853637942534
252,AJG,-0.0105565464127217,0.0071398021613031,0.000283797369827,-0.0176963485740248
253,TECH,-0.0170702944693567,0.0097710524994835,0.0004258563844767,-0.026841346968840198
254,ELS,0.026016837291425,0.0062694996009617,0.0005676752806016,0.019747337690463298
255,GBDC,0.0006518904823989,0.0175617180199789,0.0005671546936785,-0.01690982753758
256,HNNMY,-0.0323741007194244,0.0237533152775709,0.0002840575895406,-0.0561274159969953
257,MYFW,-0.0033332777777778,0.0071398021613031,0.000283797369827,-0.0104730799390809
258,CPF,0.0046705241307732,0.0237533152775709,0.0002840575895406,-0.0190827911467977
259,SILC,-0.0323528823529411,0.0097710524994835,0.0004258563844767,-0.042123934852424605
260,XOM,0.0027458958247926,-0.0007484474471717,0.000283797369827,0.0034943432719643
261,STECF,0.0,0.0071398021613031,0.000283797369827,-0.0071398021613031
262,CCJ,-0.0639534869420062,-0.0085086288738954,0.000425335871341,-0.055444858068110794
263,TKR,-0.017295956572374,0.0117145856066897,0.000425335871341,-0.0290105421790637
264,COLM,-0.0547093700499573,0.0097710524994835,0.0004258563844767,-0.06448042254944081
265,PEV,0.0223880597014925,0.0058603282705168,0.0004258563844767,0.016527731430975703
266,ELF,0.0281607096688845,0.0175617180199789,0.0005671546936785,0.010598991648905598
267,DLB,-0.0638999999999999,0.0097710524994835,0.0004258563844767,-0.0736710524994834
268,CSWI,0.0036367079486627,0.0097710524994835,0.0004258563844767,-0.006134344550820801
269,ALGM,0.0144131782571441,0.0097710524994835,0.0004258563844767,0.0046421257576606
270,ATGE,0.0440924220014462,0.0097710524994835,0.0004258563844767,0.0343213695019627
271,NLY,-0.0233917077826534,-0.0085086288738954,0.000425335871341,-0.014883078908758004
272,NSC,0.0110561387145936,0.0071398021613031,0.000283797369827,0.0039163365532905005
273,PFSI,0.0079758034590811,0.0097710524994835,0.0004258563844767,-0.0017952490404024015
274,CMPGF,0.0044655563689604,-0.0085086288738954,0.000425335871341,0.0129741852428558
275,MET,0.0093343690691466,0.0097710524994835,0.0004258563844767,-0.0004366834303369
276,LOIMF,0.0,-0.0007484474471717,0.000283797369827,0.0007484474471716999
277,RVTY,-0.046128509131823,0.0097710524994835,0.0004258563844767,-0.05589956163130651
278,PJT,-0.0115700802960527,0.0175617180199789,0.0005671546936785,-0.0291317983160316
279,FFIV,0.0026433943637966,-0.0042135221901372,0.0004255961278751,0.006856916553933799
280,WHR,-0.0623991759708024,0.0062694996009617,0.0005676752806016,-0.06866867557176409
281,UBS,-0.0634441401999282,0.0175617180199789,0.0005671546936785,-0.0810058582199071
282,DGX,-0.0071557443918494,0.0097710524994835,0.0004258563844767,-0.0169267968913329
283,KDDIY,-0.0272108843537415,0.0029033053189314,0.0001417585273506,-0.0301141896726729
284,CI,0.0115488853946256,-0.0007484474471717,0.000283797369827,0.0122973328417973
285,AXP,0.0135034557639089,0.0071398021613031,0.000283797369827,0.0063636536026058016
286,HIMX,-0.0265957446808509,0.0175617180199789,0.0005671546936785,-0.044157462700829805
287,ACLS,-0.0319018568507157,-0.0085086288738954,0.000425335871341,-0.023393227976820297
288,VREX,-0.0835929387331258,0.0175617180199789,0.0005671546936785,-0.1011546567531047
289,ITMPF,-0.0389447236180904,0.0237533152775709,0.0002840575895406,-0.0626980388956613
290,MOD,0.0209871918359932,0.0237533152775709,0.0002840575895406,-0.0027661234415777003
291,AUDC,0.1314708299096137,0.0175617180199789,0.0005671546936785,0.11390911188963482
292,PHG,-0.0088249415315864,-0.0042135221901372,0.0004255961278751,-0.004611419341449199
293,SPOT,0.0784770615901455,0.0175617180199789,0.0005671546936785,0.0609153435701666
294,HSY,-0.0369235434424748,-0.0085086288738954,0.000425335871341,-0.028414914568579402
295,HLNE,-0.026627517178643,0.0175617180199789,0.0005671546936785,-0.044189235198621904
296,ODFL,0.0451895388908109,0.0237533152775709,0.0002840575895406,0.021436223613239998
297,MAS,-0.0115930032733223,-0.0085086288738954,0.000425335871341,-0.0030843743994269004
298,CMCO,0.022011773739442,0.0237533152775709,0.0002840575895406,-0.0017415415381289018
299,THR,-0.0490341753343239,0.0097710524994835,0.0004258563844767,-0.05880522783380741
300,STEL,-0.0078947744360902,0.0071398021613031,0.000283797369827,-0.015034576597393299
301,PTON,0.0403800475059382,0.0097710524994835,0.0004258563844767,0.030608995006454698
302,CHRW,-0.1184445174667388,0.0237533152775709,0.0002840575895406,-0.1421978327443097
303,SMBC,-0.1599680127961612,0.0062694996009617,0.0005676752806016,-0.1662375123971229
304,ATEYY,0.0,0.0097710524994835,0.0004258563844767,-0.0097710524994835
305,ATI,0.0129701689486425,0.0097710524994835,0.0004258563844767,0.003199116449159
306,MEOH,-0.0306655067420616,0.0097710524994835,0.0004258563844767,-0.0404365592415451
307,BEP,-0.0212514364423456,-0.0007484474471717,0.000283797369827,-0.0205029889951739
308,HESM,0.012422330303983,0.0237533152775709,0.0002840575895406,-0.011330984973587898
309,NVO,-0.0090639795897504,0.0237533152775709,0.0002840575895406,-0.032817294867321295
310,TMO,0.0238228273339578,0.0237533152775709,0.0002840575895406,6.951205638689936e-05
311,UPS,-0.1023288038899175,0.0062694996009617,0.0005676752806016,-0.10859830349087919
312,HCA,0.079133683707772,0.0062694996009617,0.0005676752806016,0.07286418410681031
313,MSBHF,0.102064831736588,0.0175617180199789,0.0005671546936785,0.0845031137166091
314,KTCC,0.0904872389791184,0.0175617180199789,0.0005671546936785,0.07292552095913948
315,SYK,0.0875993259141494,0.0062694996009617,0.0005676752806016,0.0813298263131877
316,EXCOF,-0.0278745644599303,0.0097710524994835,0.0004258563844767,-0.0376456169594138
317,WF,0.0036035736817889,0.0175617180199789,0.0005671546936785,-0.01395814433819
318,EGBN,0.0203026578073089,0.0058603282705168,0.0004258563844767,0.0144423295367921
319,BEPC,-0.0169491163208959,-0.0007484474471717,0.000283797369827,-0.016200668873724202
320,IMO,0.0193091227757462,-0.0007484474471717,0.000283797369827,0.0200575702229179
321,LEE,0.0249480249480249,0.0097710524994835,0.0004258563844767,0.0151769724485414
322,ORI,0.0257806453964907,0.0058603282705168,0.0004258563844767,0.0199203171259739
323,XEL,0.0147732894340854,0.0058603282705168,0.0004258563844767,0.0089129611635686
324,TEAM,-0.1712043939867648,0.0097710524994835,0.0004258563844767,-0.1809754464862483
325,SEPGF,0.0,0.0071398021613031,0.000283797369827,-0.0071398021613031
326,PFE,-0.0200145560407569,0.0062694996009617,0.0005676752806016,-0.026284055641718602
327,WTBA,0.0241273613963038,0.0058603282705168,0.0004258563844767,0.018267033125787
328,VFC,-0.0744102193339249,0.0175617180199789,0.0005671546936785,-0.0919719373539038
329,MKL,0.0090529233510392,0.0097710524994835,0.0004258563844767,-0.0007181291484442999
330,CALX,-0.2160089838110025,0.0062694996009617,0.0005676752806016,-0.22227848341196418
331,BP,0.0619158550282795,0.0175617180199789,0.0005671546936785,0.044354137008300605
332,CNX,0.0215475514201762,0.0058603282705168,0.0004258563844767,0.015687223149659403
333,RDCM,-0.0519848771266541,0.0237533152775709,0.0002840575895406,-0.075738192404225
334,WOLF,-0.1855606508620783,0.0237533152775709,0.0002840575895406,-0.20931396613964917
335,JCI,-0.0388349677375121,0.0062694996009617,0.0005676752806016,-0.0451044673384738
336,PYPL,0.0489211175905306,0.0058603282705168,0.0004258563844767,0.043060789320013795
337,DNSKF,0.0111230351229625,-0.0007484474471717,0.000283797369827,0.0118714825701342
338,INBK,0.1037036328719314,0.0058603282705168,0.0004258563844767,0.0978433046014146
339,BX,0.0300429108436781,0.0058603282705168,0.0004258563844767,0.0241825825731613
340,SPGI,-0.0324072872637325,-0.0085086288738954,0.000425335871341,-0.0238986583898371
341,BZH,-0.1004326297764946,0.0097710524994835,0.0004258563844767,-0.1102036822759781
342,CHD,0.0079500953622795,-0.0007484474471717,0.000283797369827,0.0086985428094512
343,MANH,0.1090651567728856,0.0062694996009617,0.0005676752806016,0.1027956571719239
344,FHB,0.0215342744937516,0.0071398021613031,0.000283797369827,0.014394472332448501
345,RCI,-0.0133333544973544,0.0097710524994835,0.0004258563844767,-0.023104406996837898
346,CAC,-0.0795212010383618,0.0062694996009617,0.0005676752806016,-0.0857907006393235
347,CACC,0.0764225986749252,0.0237533152775709,0.0002840575895406,0.05266928339735429
348,KMTUY,-0.0007037297677692,0.0237533152775709,0.0002840575895406,-0.0244570450453401
349,POST,0.0321750315379659,-0.0007484474471717,0.000283797369827,0.0329234789851376
350,MA,0.0252654001782619,0.0237533152775709,0.0002840575895406,0.0015120849006909978
351,SDVKF,0.0,0.0058603282705168,0.0004258563844767,-0.0058603282705168
352,MTRAF,0.0119230576923076,0.0062694996009617,0.0005676752806016,0.0056535580913459
353,TRNS,0.1070903000187281,0.0062694996009617,0.0005676752806016,0.1008208004177664
354,AVNW,0.0926111668338348,0.0175617180199789,0.0005671546936785,0.07504944881385589
355,SNDR,0.0167855644146035,0.0097710524994835,0.0004258563844767,0.00701451191512
356,EVBN,-0.0263780520798106,0.0097710524994835,0.0004258563844767,-0.0361491045792941
357,BANC,0.0316233309908643,0.0058603282705168,0.0004258563844767,0.0257630027203475
358,NVZMF,-0.0472604585339773,0.0097710524994835,0.0004258563844767,-0.057031511033460804
359,CLF,0.0767602475786261,0.0062694996009617,0.0005676752806016,0.0704907479776644
360,ENPH,0.0422091644590389,0.0062236618403092,0.0002835371501814,0.035985502618729695
361,NYCB,-0.0664605873261205,0.0237533152775709,0.0002840575895406,-0.09021390260369139
362,THG,-0.0013699063959959,0.0097710524994835,0.0004258563844767,-0.011140958895479402
363,TMXXF,0.01,0.0175617180199789,0.0005671546936785,-0.007561718019978901
364,ADP,0.0123280942807718,0.0237533152775709,0.0002840575895406,-0.0114252209967991
365,COR,0.0099278497055825,0.0237533152775709,0.0002840575895406,-0.0138254655719884
366,MKTX,-0.0035474613885739,0.0237533152775709,0.0002840575895406,-0.027300776666144798
367,LARK,-0.0609756097560975,0.0097710524994835,0.0004258563844767,-0.070746662255581
368,NVS,0.0024161592498679,0.0237533152775709,0.0002840575895406,-0.021337156027703
369,SFBS,-0.0387210178938105,-0.0042135221901372,0.0004255961278751,-0.0345074957036733
370,V,0.0166538617431786,0.0058603282705168,0.0004258563844767,0.010793533472661803
371,AFL,0.0094488323929987,0.0097710524994835,0.0004258563844767,-0.00032222010648479994
372,ALFVF,0.0,0.0175617180199789,0.0005671546936785,-0.0175617180199789
373,DLHC,0.0639644711842939,0.0097710524994835,0.0004258563844767,0.05419341868481039
374,UMBF,-0.0033939272727273,0.0237533152775709,0.0002840575895406,-0.027147242550298198
375,SONO,0.1560327858496525,0.0175617180199789,0.0005671546936785,0.1384710678296736
376,AXS,0.0187193841847445,0.0097710524994835,0.0004258563844767,0.008948331685261
377,COHR,0.2616349761891937,0.0175617180199789,0.0005671546936785,0.24407325816921477
378,ACDSF,-0.0465116279069767,0.0097710524994835,0.0004258563844767,-0.05628268040646021
379,NJR,0.0455926798378926,0.0175617180199789,0.0005671546936785,0.028030961817913702
380,EURN,0.0016930587862899,-0.0007484474471717,0.000283797369827,0.0024415062334616
381,IFNNY,-0.0314498933901918,0.0175617180199789,0.0005671546936785,-0.0490116114101707
382,RLI,-0.0025850999061145,0.0058603282705168,0.0004258563844767,-0.0084454281766313
383,MODN,0.0142699963410173,0.0175617180199789,0.0005671546936785,-0.0032917216789616014
384,OLN,-0.0302810868438409,0.0071398021613031,0.000283797369827,-0.037420889005144
385,BKU,0.0147157190635451,0.0071398021613031,0.000283797369827,0.007575916902242001
386,AOSL,-0.0997315304948215,0.0175617180199789,0.0005671546936785,-0.11729324851480041
387,LOB,-0.0153845909524712,0.0058603282705168,0.0004258563844767,-0.021244919222987997
388,SHEL,-0.0067103618380035,0.0097710524994835,0.0004258563844767,-0.016481414337487
389,BEN,-0.0167212286441294,-0.0042135221901372,0.0004255961278751,-0.0125077064539922
390,BIP,-0.0122487123115577,0.0097710524994835,0.0004258563844767,-0.0220197648110412
391,AX,-0.062939555855493,0.0062694996009617,0.0005676752806016,-0.0692090554564547
392,ENSG,-0.0264944281047726,-0.0007484474471717,0.000283797369827,-0.025745980657600902
393,EQR,-0.0003322977293952,0.0237533152775709,0.0002840575895406,-0.0240856130069661
394,TTEK,0.0362208367633569,0.0097710524994835,0.0004258563844767,0.026449784263873392
395,AVT,0.0075055189294817,0.0237533152775709,0.0002840575895406,-0.016247796348089198
396,BDX,-0.0151434409289843,0.0097710524994835,0.0004258563844767,-0.0249144934284678
397,WILLF,0.1677301921665862,0.0175617180199789,0.0005671546936785,0.1501684741466073
398,NIPNF,0.0506208213944603,0.0062694996009617,0.0005676752806016,0.0443513217934986
399,CCS,0.0743945239121519,0.0237533152775709,0.0002840575895406,0.050641208634581
400,SSD,0.0362993088435373,0.0117145856066897,0.000425335871341,0.0245847232368476
401,WAL,0.0149985455894591,0.0071398021613031,0.000283797369827,0.007858743428156002
402,AMG,-0.0166337450351475,0.0117145856066897,0.000425335871341,-0.0283483306418372
403,ENR,0.0099774380431284,0.0175617180199789,0.0005671546936785,-0.007584279976850501
404,FSBC,-0.0905881960784314,0.0062694996009617,0.0005676752806016,-0.09685769567939309
405,CAT,0.0018668513105199,0.0117145856066897,0.000425335871341,-0.009847734296169799
406,KNYJF,0.0,0.0071398021613031,0.000283797369827,-0.0071398021613031
407,AEIS,-0.0033295851408983,0.0175617180199789,0.0005671546936785,-0.0208913031608772
408,SANM,0.1856606323195608,-0.0042135221901372,0.0004255961278751,0.189874154509698
409,UFI,-0.0049586776859504,0.0097710524994835,0.0004258563844767,-0.0147297301854339
410,CARR,-0.0044436546193976,0.0175617180199789,0.0005671546936785,-0.022005372639376502
411,GM,0.0994631562436606,0.0062694996009617,0.0005676752806016,0.09319365664269891
412,NOV,-0.005675425330566,-0.0007484474471717,0.000283797369827,-0.004926977883394301
413,BSVN,0.0686679174484053,-0.0042135221901372,0.0004255961278751,0.07288143963854249
414,WY,-0.000604077299786,0.0071398021613031,0.000283797369827,-0.0077438794610891
415,FRST,0.0371775417298937,0.0071398021613031,0.000283797369827,0.030037739568590606
416,DNBBY,0.0103092783505156,0.0237533152775709,0.0002840575895406,-0.013444036927055298
417,CHGG,-0.0752688172043011,0.0117145856066897,0.000425335871341,-0.0869834028109908
418,AME,0.0090424274195333,0.0175617180199789,0.0005671546936785,-0.008519290600445602
419,SAIA,-0.0070157713229729,-0.0007484474471717,0.000283797369827,-0.006267323875801201
420,MTCH,-0.0250131051325402,0.0237533152775709,0.0002840575895406,-0.0487664204101111
421,VIAV,-0.0915492957746479,0.0097710524994835,0.0004258563844767,-0.1013203482741314
422,CMI,0.0442536516766054,0.0175617180199789,0.0005671546936785,0.026691933656626504
423,FCNCA,0.0313988345733153,0.0071398021613031,0.000283797369827,0.0242590324120122
424,SKM,-0.0070755657039827,0.0117145856066897,0.000425335871341,-0.0187901513106724
425,SYAAF,-0.1599999999999999,0.0237533152775709,0.0002840575895406,-0.18375331527757077
426,LEVI,0.0679365079365079,0.0058603282705168,0.0004258563844767,0.062076179665991105
427,HTZ,0.0280146163215589,0.0175617180199789,0.0005671546936785,0.01045289830158
428,CTSH,-0.0063152213592071,0.0175617180199789,0.0005671546936785,-0.023876939379186002
429,JJSF,-0.047836449867141,0.0175617180199789,0.0005671546936785,-0.0653981678871199
430,DB,-0.0301470588235294,0.0097710524994835,0.0004258563844767,-0.0399181113230129
431,TWST,0.0103853785187209,-0.0007484474471717,0.000283797369827,0.0111338259658926
432,VOD,-0.0343195266272188,0.0117145856066897,0.000425335871341,-0.0460341122339085
433,ARMK,0.0370496261046906,0.0175617180199789,0.0005671546936785,0.0194879080847117
434,MUR,0.0402089044440968,0.0058603282705168,0.0004258563844767,0.034348576173579996
435,SLG,0.0008515435202992,0.0058603282705168,0.0004258563844767,-0.0050087847502175995
436,AGCO,-0.0487058546266435,0.0175617180199789,0.0005671546936785,-0.06626757264662239
437,ALGN,0.0246146447242911,0.0237533152775709,0.0002840575895406,0.0008613294467202
438,BRKL,0.0169642857142858,0.0058603282705168,0.0004258563844767,0.011103957443769002
439,IPCFF,-0.0156637574644006,0.0175617180199789,0.0005671546936785,-0.0332254754843795
440,PLUS,-0.0238002463795173,0.0175617180199789,0.0005671546936785,-0.0413619643994962
441,OXLC,-0.0038461538461539,0.0071398021613031,0.000283797369827,-0.010985956007457
442,BA,-0.0078657508295121,0.0237533152775709,0.0002840575895406,-0.031619066107082996
443,SXI,0.0072967998628731,-0.0007484474471717,0.000283797369827,0.008045247310044799
444,SBSI,0.0642350225952228,0.0071398021613031,0.000283797369827,0.0570952204339197
445,CUBI,0.0360095351828036,0.0071398021613031,0.000283797369827,0.028869733021500504
446,FCBBF,0.0937007874015749,0.0175617180199789,0.0005671546936785,0.07613906938159601
447,LTOUF,-0.0545294635004396,0.0062694996009617,0.0005676752806016,-0.0607989631014013
448,JBAXY,-0.059299191374663,-0.0007484474471717,0.000283797369827,-0.0585507439274913
449,AMBFF,0.0,0.0062694996009617,0.0005676752806016,-0.0062694996009617
450,SPFI,0.0108771578947368,0.0071398021613031,0.000283797369827,0.0037373557334337013
451,DCOM,0.0364169542242342,0.0071398021613031,0.000283797369827,0.029277152062931106
452,WAT,-0.0062490348237827,0.0175617180199789,0.0005671546936785,-0.0238107528437616
453,INTA,-0.074074074074074,0.0175617180199789,0.0005671546936785,-0.0916357920940529
454,EZPW,0.0469238790406672,0.0097710524994835,0.0004258563844767,0.037152826541183695
455,UPMKF,-0.0230581924471539,0.0097710524994835,0.0004258563844767,-0.0328292449466374
456,LHX,0.0072175992996358,0.0071398021613031,0.000283797369827,7.779713833269957e-05
457,PTC,-0.0106282760241884,0.0237533152775709,0.0002840575895406,-0.0343815913017593
458,NSSC,0.0723854776118796,0.0117145856066897,0.000425335871341,0.06067089200518991
459,SNCY,0.0,0.0097710524994835,0.0004258563844767,-0.0097710524994835
460,YAHOF,-0.0590163934426228,0.0175617180199789,0.0005671546936785,-0.0765781114626017
461,OSK,0.0055850796386947,0.0062694996009617,0.0005676752806016,-0.0006844199622669999
462,CVX,0.0007225498974465,-0.0007484474471717,0.000283797369827,0.0014709973446181998
463,NUE,0.0382133154337257,0.0062694996009617,0.0005676752806016,0.031943815832764
464,FJTSF,0.1118139162986809,0.0237533152775709,0.0002840575895406,0.08806060102110999
465,TENB,0.1045125372498937,0.0175617180199789,0.0005671546936785,0.0869508192299148
466,VSAT,-0.0827618617850084,0.0175617180199789,0.0005671546936785,-0.1003235798049873
467,HUBG,-0.0172604341062278,0.0097710524994835,0.0004258563844767,-0.0270314866057113
468,LVMHF,0.0809330692218288,0.0058603282705168,0.0004258563844767,0.075072740951312
469,FIBK,-0.0403343023255813,0.0237533152775709,0.0002840575895406,-0.06408761760315221
470,SWKS,-0.0470089298726532,0.0062694996009617,0.0005676752806016,-0.0532784294736149
471,DX,-0.0311526479750779,-0.0042135221901372,0.0004255961278751,-0.026939125784940697
472,HII,-0.0059370337622719,0.0097710524994835,0.0004258563844767,-0.0157080862617554
473,LSPD,-0.0925675675675676,-0.0085086288738954,0.000425335871341,-0.08405893869367219
474,TROW,-0.0382885487728014,-0.0085086288738954,0.000425335871341,-0.029779919898905997
475,BSBR,0.0122377622377622,0.0237533152775709,0.0002840575895406,-0.0115155530398087
476,GGG,0.0211416845330242,0.0062694996009617,0.0005676752806016,0.014872184932062497
477,NDCVF,-0.028066528066528,0.0175617180199789,0.0005671546936785,-0.045628246086506896
478,OSBC,-0.0442105263157895,-0.0170781529258039,0.0002835371501814,-0.0271323733899856
479,WT,0.0190895741556535,-0.0007484474471717,0.000283797369827,0.019838021602825197
480,IDXX,0.0026043312819368,0.0117145856066897,0.000425335871341,-0.0091102543247529
481,GNTX,-0.0085494403625849,0.0071398021613031,0.000283797369827,-0.015689242523887998
482,ELKMF,-0.1794871794871794,-0.0042135221901372,0.0004255961278751,-0.1752736572970422
483,CB,0.0068979673469387,0.0237533152775709,0.0002840575895406,-0.0168553479306322
484,PKX,-0.0178678141008252,-0.0007484474471717,0.000283797369827,-0.017119366653653503
485,NDAQ,-0.0193871905833478,0.0237533152775709,0.0002840575895406,-0.0431405058609187
486,EXPO,-0.1287668408762371,0.0097710524994835,0.0004258563844767,-0.13853789337572062
487,SAN,0.0449999999999999,0.0237533152775709,0.0002840575895406,0.021246684722429
488,LANC,-0.05268574970006,0.0097710524994835,0.0004258563844767,-0.062456802199543505
489,WEC,-0.0420641115439485,0.0097710524994835,0.0004258563844767,-0.051835164043432004
490,SDMHF,-0.0011582548262547,0.0071398021613031,0.000283797369827,-0.0082980569875578
491,EG,0.0383574178607706,-0.0085086288738954,0.000425335871341,0.046866046734666
492,SSAAF,0.0,-0.0007484474471717,0.000283797369827,0.0007484474471716999
493,CVRX,-0.11198633178129,0.0058603282705168,0.0004258563844767,-0.1178466600518068
494,LAZ,-0.0416362064767471,0.0097710524994835,0.0004258563844767,-0.05140725897623061
495,CFR,-0.0011891511159896,0.0058603282705168,0.0004258563844767,-0.007049479386506399
496,ROK,0.0581570240767413,0.0237533152775709,0.0002840575895406,0.0344037087991704
497,AVY,-0.0029581148602373,0.0237533152775709,0.0002840575895406,-0.0267114301378082
498,JRVMF,-0.0952380952380953,-0.0042135221901372,0.0004255961278751,-0.09102457304795811
499,PHPPY,-0.0575851393188853,0.0071398021613031,0.000283797369827,-0.0647249414801884
500,DXC,-0.0138568129330252,0.0097710524994835,0.0004258563844767,-0.0236278654325087
501,DGII,0.0361271676300578,0.0097710524994835,0.0004258563844767,0.026356115130574294
502,FMC,-0.1434955029293446,0.0175617180199789,0.0005671546936785,-0.16105722094932348
503,SEOJF,0.0,0.0097710524994835,0.0004258563844767,-0.0097710524994835
504,BFIN,0.0147492625368731,0.0175617180199789,0.0005671546936785,-0.0028124554831058003
505,WDC,-0.0366319066258277,0.0058603282705168,0.0004258563844767,-0.0424922348963445
506,SBFG,-0.0316255534471853,0.0071398021613031,0.000283797369827,-0.0387653556084884
507,KFRC,-0.0058376243069597,0.0117145856066897,0.000425335871341,-0.0175522099136494
508,TSN,-0.0613912869565216,0.0117145856066897,0.000425335871341,-0.0731058725632113
509,AZEK,0.1441213942887836,0.0175617180199789,0.0005671546936785,0.1265596762688047
510,CNOB,0.0054690786705931,0.0058603282705168,0.0004258563844767,-0.0003912495999236999
511,TCBX,0.0,0.0071398021613031,0.000283797369827,-0.0071398021613031
512,PDS,0.0841248148596474,0.0175617180199789,0.0005671546936785,0.06656309683966849
513,COTY,-0.0412457912457912,-0.0085086288738954,0.000425335871341,-0.03273716237189579
514,IPGDF,-0.048,0.0237533152775709,0.0002840575895406,-0.0717533152775709
515,BNPQF,-0.0966767113297602,0.0097710524994835,0.0004258563844767,-0.1064477638292437
516,SRDX,-0.0518038852913968,0.0097710524994835,0.0004258563844767,-0.06157493779088031
517,UGI,-0.0537848605577689,0.0097710524994835,0.0004258563844767,-0.0635559130572524
518,STBA,0.042709895649193,0.0058603282705168,0.0004258563844767,0.0368495673786762
519,RCL,-0.0503308053743762,0.0097710524994835,0.0004258563844767,-0.06010185787385971
520,CSWC,-0.0316330948345949,0.0062694996009617,0.0005676752806016,-0.0379025944355566
521,SKX,-0.0922955689401122,0.0097710524994835,0.0004258563844767,-0.1020666214395957
522,TBABF,0.0,-0.0007484474471717,0.000283797369827,0.0007484474471716999
523,DSKYF,-0.0243122200895713,0.0097710524994835,0.0004258563844767,-0.0340832725890548
524,HOLX,-0.0032254533946805,0.0097710524994835,0.0004258563844767,-0.012996505894164002
525,RNSHF,0.1777398215677536,0.0175617180199789,0.0005671546936785,0.1601781035477747
526,ARWR,0.0168644909431604,0.0175617180199789,0.0005671546936785,-0.0006972270768185011
527,AXTA,-0.0128824158738298,-0.0085086288738954,0.000425335871341,-0.0043737869999344
528,GSIT,-0.1040723981900452,0.0058603282705168,0.0004258563844767,-0.109932726460562
529,TMUS,-0.0052903605473716,0.0058603282705168,0.0004258563844767,-0.0111506888178884
530,ETN,0.024757107104737,0.0097710524994835,0.0004258563844767,0.0149860546052535
531,VLY,0.0106589147286821,0.0058603282705168,0.0004258563844767,0.0047985864581653005
532,ICHR,0.1373277004950237,0.0175617180199789,0.0005671546936785,0.11976598247504483
533,TW,0.0515558780459317,0.0175617180199789,0.0005671546936785,0.033994160025952805
534,SPXCF,-0.0071428571428571,0.0097710524994835,0.0004258563844767,-0.016913909642340602
535,CVLT,0.169058994747663,0.0062694996009617,0.0005676752806016,0.16278949514670132
536,CCK,-0.1532888112014306,0.0175617180199789,0.0005671546936785,-0.17085052922140948
537,PLTR,0.4659091785830848,0.0117145856066897,0.000425335871341,0.4541945929763951
538,BMRC,-0.0689315149646241,-0.0042135221901372,0.0004255961278751,-0.06471799277448691
539,SBH,-0.0159817351598174,0.0097710524994835,0.0004258563844767,-0.025752787659300898
540,BR,-0.0137876255074238,0.0097710524994835,0.0004258563844767,-0.0235586780069073
541,HITI,-0.0725388601036269,0.0062694996009617,0.0005676752806016,-0.07880835970458859
542,COUR,-0.0726227310670183,0.0097710524994835,0.0004258563844767,-0.0823937835665018
543,CBT,0.122434623593402,0.0175617180199789,0.0005671546936785,0.1048729055734231
544,VVV,0.103611111111111,0.0175617180199789,0.0005671546936785,0.0860493930911321
545,TBIIF,-0.0617848970251716,0.0097710524994835,0.0004258563844767,-0.0715559495246551
546,CHT,-0.0049517593159176,0.0062694996009617,0.0005676752806016,-0.0112212589168793
547,MSGS,0.0501594689741706,0.0175617180199789,0.0005671546936785,0.0325977509541917
548,MHO,-0.0152252003645456,0.0237533152775709,0.0002840575895406,-0.0389785156421165
549,LEA,0.0029026421337998,0.0175617180199789,0.0005671546936785,-0.0146590758861791
550,XYL,0.0895862624546589,0.0175617180199789,0.0005671546936785,0.07202454443467998
551,LZAGY,0.0243353364280026,0.0071398021613031,0.000283797369827,0.0171955342666995
552,MXL,-0.1464937560038424,0.0237533152775709,0.0002840575895406,-0.17024707128141328
553,AMKR,-0.0662333931837389,0.0117145856066897,0.000425335871341,-0.0779479787904286
554,ENVA,-0.0850847457627119,0.0062694996009617,0.0005676752806016,-0.09135424536367359
555,QRVO,0.0386003416603236,0.0237533152775709,0.0002840575895406,0.014847026382752697
556,EXEL,-0.0551402336448596,0.0175617180199789,0.0005671546936785,-0.0727019516648385
557,CODA,-0.0037313432835821,-0.0042135221901372,0.0004255961278751,0.00048217890655509986
558,LFVN,-0.0411663807890223,0.0062694996009617,0.0005676752806016,-0.047435880389984
559,WDPSF,0.0,0.0071398021613031,0.000283797369827,-0.0071398021613031
560,ARLP,0.0325717063684977,-0.0042135221901372,0.0004255961278751,0.036785228558634905
561,CLB,-0.006653359946773,0.0097710524994835,0.0004258563844767,-0.0164244124462565
562,UNCRY,0.0038860103626943,0.0117145856066897,0.000425335871341,-0.0078285752439954
563,NVT,0.0165053964927915,0.0175617180199789,0.0005671546936785,-0.0010563215271874003
564,HI,-0.0077236857386035,0.0175617180199789,0.0005671546936785,-0.0252854037585824
565,KRC,0.0087159505354998,0.0175617180199789,0.0005671546936785,-0.0088457674844791
566,RYAAY,0.0294294459038947,-0.0042135221901372,0.0004255961278751,0.0336429680940319
567,JBLU,0.0436363636363636,0.0062694996009617,0.0005676752806016,0.037366864035401896
568,TCS,-0.1728395061728395,0.0175617180199789,0.0005671546936785,-0.19040122419281838
569,CLFD,0.1079632424210091,0.0097710524994835,0.0004258563844767,0.0981921899215256
570,TTDKY,-0.01904580462089,-0.0007484474471717,0.000283797369827,-0.0182973571737183
571,PBTHF,-0.03,0.0062694996009617,0.0005676752806016,-0.0362694996009617
572,CNMD,-0.1536610283192683,0.0237533152775709,0.0002840575895406,-0.1774143435968392
573,SCSC,0.0294421479999443,0.0175617180199789,0.0005671546936785,0.011880429979965398
574,MITSY,-0.0318695407779172,-0.0007484474471717,0.000283797369827,-0.031121093330745496
575,ALRS,0.0647544545849629,0.0058603282705168,0.0004258563844767,0.0588941263144461
576,FHI,0.0344533893637069,0.0071398021613031,0.000283797369827,0.027313587202403802
577,GOOS,0.0321217244294168,0.0117145856066897,0.000425335871341,0.0204071388227271
578,DCPH,0.0657181571815718,0.0175617180199789,0.0005671546936785,0.048156439161592894
579,CIOXY,0.0,0.0175617180199789,0.0005671546936785,-0.0175617180199789
580,SOIEF,0.0,0.0097710524994835,0.0004258563844767,-0.0097710524994835
581,MTG,-0.0235352540578495,0.0097710524994835,0.0004258563844767,-0.033306306557333
582,BALL,-0.0363575155697693,0.0097710524994835,0.0004258563844767,-0.04612856806925281
583,EMN,0.0001211016978474,-0.0007484474471717,0.000283797369827,0.0008695491450190999
584,JBSS,-0.0423890633723833,0.0097710524994835,0.0004258563844767,-0.05216011587186681
585,JOUT,0.0162125872551228,-0.0007484474471717,0.000283797369827,0.016961034702294497
586,FLXS,0.2334533177501192,0.0175617180199789,0.0005671546936785,0.21589159973014033
587,SPR,0.0902284571407134,0.0175617180199789,0.0005671546936785,0.07266673912073449
588,CEIX,-0.0912863159797703,0.0175617180199789,0.0005671546936785,-0.10884803399974921
589,ORC,-0.0384615384615384,-0.0007484474471717,0.000283797369827,-0.0377130910143667
590,HAE,-0.0820638064004121,-0.0085086288738954,0.000425335871341,-0.07355517752651669
591,HTHIY,-0.0140123703703703,-0.0007484474471717,0.000283797369827,-0.0132639229231986
592,FSV,-0.0108242655574179,0.0175617180199789,0.0005671546936785,-0.0283859835773968
593,FINW,-0.093476798924008,-0.0042135221901372,0.0004255961278751,-0.0892632767338708
594,BCH,0.0115248675321306,-0.0007484474471717,0.000283797369827,0.0122733149793023
595,MPLX,-0.0162943236871044,0.0062694996009617,0.0005676752806016,-0.022563823288066102
596,FN,-0.1231216380199918,0.0117145856066897,0.000425335871341,-0.13483622362668152
597,MRK,0.0039563222967951,0.0097710524994835,0.0004258563844767,-0.005814730202688401
598,SIRI,-0.022944550669216,0.0097710524994835,0.0004258563844767,-0.0327156031686995
599,NMR,0.0,0.0097710524994835,0.0004258563844767,-0.0097710524994835
600,DLX,0.0210681038706516,0.0097710524994835,0.0004258563844767,0.0112970513711681
601,ABCB,-0.0147895898828368,0.0071398021613031,0.000283797369827,-0.0219293920441399
602,KPELF,0.0,0.0097710524994835,0.0004258563844767,-0.0097710524994835
603,RMBS,-0.1772707688779829,0.0117145856066897,0.000425335871341,-0.1889853544846726
604,RDY,0.0306967585565854,0.0062694996009617,0.0005676752806016,0.0244272589556237
605,GLW,0.0353130016051364,0.0062694996009617,0.0005676752806016,0.0290435020041747
606,SFRRF,0.0,0.0175617180199789,0.0005671546936785,-0.0175617180199789
607,WTW,0.0854426950487149,0.0175617180199789,0.0005671546936785,0.067880977028736
608,APYRF,-0.0158850226928896,0.0097710524994835,0.0004258563844767,-0.025656075192373097
609,LIN,0.0469011501023244,0.0175617180199789,0.0005671546936785,0.029339432082345504
610,FICO,-0.0207136454264891,-0.0007734524976244,0.0001417585273506,-0.0199401929288647
611,LII,-0.0191049909463286,0.0237533152775709,0.0002840575895406,-0.0428583062238995
612,BWB,-0.0678210678210677,0.0058603282705168,0.0004258563844767,-0.0736813960915845
613,GEHC,0.1080233151873959,0.0175617180199789,0.0005671546936785,0.090461597167417
614,FTNT,0.0658194320362798,0.0175617180199789,0.0005671546936785,0.04825771401630089
615,MPC,0.0386536970067048,0.0062694996009617,0.0005676752806016,0.032384197405743095
616,FFWM,0.0039138943248531,0.0058603282705168,0.0004258563844767,-0.0019464339456636993
617,PII,-0.0244849209846285,0.0062694996009617,0.0005676752806016,-0.030754420585590202
618,AXFOF,0.0,0.0097710524994835,0.0004258563844767,-0.0097710524994835
619,DIOD,0.037657540592626,0.0175617180199789,0.0005671546936785,0.020095822572647103
620,HTH,-0.022102688172043,0.0071398021613031,0.000283797369827,-0.0292424903333461
621,DHR,0.0530073499382356,0.0062694996009617,0.0005676752806016,0.0467378503372739
622,SR,-0.022270946515944,0.0097710524994835,0.0004258563844767,-0.0320419990154275
623,IT,-0.0133464311285512,0.0175617180199789,0.0005671546936785,-0.0309081491485301
624,HLIT,0.081615120274914,-0.0042135221901372,0.0004255961278751,0.08582864246505119
625,BHE,0.118362790620841,0.0237533152775709,0.0002840575895406,0.0946094753432701
626,MAN,-0.032418339869281,0.0062694996009617,0.0005676752806016,-0.0386878394702427
627,NG,-0.1111111111111111,0.0058603282705168,0.0004258563844767,-0.1169714393816279
628,FCF,-0.033547466095646,0.0237533152775709,0.0002840575895406,-0.057300781373216904
629,VSTO,-0.0301540478531629,0.0097710524994835,0.0004258563844767,-0.0399251003526464
630,LLY,0.0480883041956108,0.0175617180199789,0.0005671546936785,0.0305265861756319
631,INSP,-0.0984918976963009,0.0175617180199789,0.0005671546936785,-0.11605361571627981
632,WERN,0.0478469415222093,0.0175617180199789,0.0005671546936785,0.030285223502230403
633,LBRT,0.1011752171691364,0.0058603282705168,0.0004258563844767,0.0953148888986196
634,KNCRF,0.0,-0.0007484474471717,0.000283797369827,0.0007484474471716999
635,DOV,0.0272756558171385,0.0097710524994835,0.0004258563844767,0.017504603317655
636,ULCC,0.4699029126213592,0.0175617180199789,0.0005671546936785,0.4523411946013803
637,ATHM,0.0652535355466972,0.0175617180199789,0.0005671546936785,0.0476918175267183
638,BOWL,0.1034996276991809,0.0117145856066897,0.000425335871341,0.0917850420924912
639,FLEX,0.056866048862679,0.0237533152775709,0.0002840575895406,0.0331127335851081
640,MCD,0.0208413189465981,0.0117145856066897,0.000425335871341,0.009126733339908398
641,ROP,0.0235009217877095,0.0237533152775709,0.0002840575895406,-0.0002523934898614015
642,MOH,0.0336574938702848,-0.0085086288738954,0.000425335871341,0.042166122744180204
643,CPLP,-0.0245231607629429,-0.0007484474471717,0.000283797369827,-0.0237747133157712
644,BNDSF,0.0040322580645162,0.0097710524994835,0.0004258563844767,-0.005738794434967301
645,GBCI,-0.0205151965894654,0.0071398021613031,0.000283797369827,-0.0276549987507685
646,LPG,-0.05900865305511,0.0097710524994835,0.0004258563844767,-0.0687797055545935
647,CHX,0.091080165600301,0.0175617180199789,0.0005671546936785,0.07351844758032208
648,FFIC,0.0122022668333683,0.0071398021613031,0.000283797369827,0.0050624646720652
649,RHI,-0.0044324057568036,0.0062694996009617,0.0005676752806016,-0.010701905357765301
650,BCE,-0.0226614223277621,-0.0085086288738954,0.000425335871341,-0.014152793453866701
651,BEDU,0.0794701986754966,0.0175617180199789,0.0005671546936785,0.06190848065551769
652,PCH,-0.0258526835944531,0.0062694996009617,0.0005676752806016,-0.0321221831954148
653,CADE,-0.1230410470156718,0.0062694996009617,0.0005676752806016,-0.1293105466166335
654,OMC,-0.04740998713705,0.0175617180199789,0.0005671546936785,-0.0649717051570289
655,CTVA,-0.0364410093148166,0.0097710524994835,0.0004258563844767,-0.046212061814300105
656,KLAC,-0.0722155960908988,0.0058603282705168,0.0004258563844767,-0.0780759243614156
657,EAT,0.0579574419734182,0.0237533152775709,0.0002840575895406,0.0342041266958473
658,RACE,-0.0280395754616128,0.0097710524994835,0.0004258563844767,-0.0378106279610963
659,SWK,-0.0274331044259404,0.0097710524994835,0.0004258563844767,-0.0372041569254239
660,AMTB,-0.0376894715280623,0.0058603282705168,0.0004258563844767,-0.0435497997985791
661,CTS,0.1003127736348327,0.0175617180199789,0.0005671546936785,0.0827510556148538
662,MDLZ,0.0151875592289017,0.0062694996009617,0.0005676752806016,0.008918059627940001
663,RYN,0.0237874582572586,0.0097710524994835,0.0004258563844767,0.0140164057577751
664,SVCBF,0.0,0.0071398021613031,0.000283797369827,-0.0071398021613031
665,SKYW,0.1013126271029764,0.0097710524994835,0.0004258563844767,0.0915415746034929
666,BRBR,0.0310818023962492,0.0175617180199789,0.0005671546936785,0.013520084376270298
667,BSX,0.0175467125370442,0.0237533152775709,0.0002840575895406,-0.006206602740526701
668,SOFI,-0.1561135371179039,-0.0042135221901372,0.0004255961278751,-0.1519000149277667
669,LFUS,0.0144274703867913,0.0237533152775709,0.0002840575895406,-0.0093258448907796
670,ARE,-0.0393862932713336,0.0062694996009617,0.0005676752806016,-0.0456557928722953
